{"cameraMode":{"drawMode":0,"name":"Shaded","section":"Shading Mode"},"sceneLighting":false,"audioPlay":false,"sceneViewState":{"m_AlwaysRefresh":false,"showFog":false,"showSkybox":false,"showFlares":false,"showImageEffects":false,"showParticleSystems":false,"showVisualEffectGraphs":true,"m_FxEnabled":true},"in2DMode":false,"pivot":{"x":-0.0008156895637512207,"y":0.9182977676391602,"z":-0.035555146634578708},"rotation":{"x":0.0082542160525918,"y":-0.9906683564186096,"z":0.11644067615270615,"w":0.0702541396021843},"size":1.1991468667984009,"orthographic":false}